_id,availability_dt,country,crt_dt,data_source,depot_id,depot_type,drug_description,id,irt_depot_name,last_gr_date,lot_expiry,lot_no,material_desc,material_id,name,original_release_qty,source,stock_blocked,stock_in_tfr,stock_quality_insp,stock_restricted_use,stock_unrestricted,storage_loc,study_id,total_available_med_id,total_damaged_mad_id,total_dns_med_id,total_expired_med_id,total_pending_med_id,total_unavailable_med_id,uom
6512e00dbcff54a380813017,1970-01-01T00:00:00.000Z,Belgium,1970-01-01T00:00:00.000Z,endpoint,DD-9003,Distribution Depot,CC-92480 (ALPS-986348) CAP 0.2MG (1BTLX21) CA057,FG-50223-ACG0853-CA057-008-NA-NA-CC-92480 (ALPS-986348) CAP 0.2MG (1BTLX21) CA057-EUCW - Belgium-8510,EUCW - Belgium,1970-01-01T00:00:00.000Z,2024-03-31T00:00:00.000Z,ACG0853,ALPS-986348CAP0.2MG(1BTLX21)CA057OLMUL P3,FG-50223,ALPS EU-Medica Regional Depot,0,IRT,0,0,0,0,64,,AL-30005,64,0,0,0,0,0,ST
6512e00dbcff54a380813018,1970-01-01T00:00:00.000Z,China,1970-01-01T00:00:00.000Z,endpoint,DD-9018,Distribution Depot,DEXAMETHASONE TAB 4MG (1PK) CA057 OL MUL,FG-50421-X32215B.2A-CA057-001-NA-NA-DEXAMETHASONE TAB 4MG (1PK) CA057 OL MUL-CHIN - China-8559,CHIN - China,1970-01-01T00:00:00.000Z,2027-04-30T00:00:00.000Z,X32215B.2A,DEXAMETH RATIOPHARM TAB4MG(1PK)CA057OLMU,FG-50421,Fisher China (Suzhou),0,IRT,0,0,0,0,200,,AL-30036,200,0,0,0,0,0,ST
6512e00dbcff54a380813019,1970-01-01T00:00:00.000Z,United Kingdom,1970-01-01T00:00:00.000Z,endpoint,FCSG,Distribution Depot,CC-220 0.6mg HPMC,FG-50422-20F0003-CC-220-MM-001-NA-NA-CC-220 0.6mg HPMC-Fisher Clinical Services - United Kingdom-FCSG,Fisher Clinical Services - United Kingdom,1970-01-01T00:00:00.000Z,2022-10-31T00:00:00.000Z,20F0003,,FG-50422,Fisher UK (Horsham),0,IRT,0,0,0,0,0,,AL-30049,0,0,0,50,0,0,
6512e00dbcff54a38081301a,1970-01-01T00:00:00.000Z,Germany,1970-01-01T00:00:00.000Z,endpoint,FCSRH,Distribution Depot,Lenalidomide 2.5mg,FG-50916-18F0055-CC-5013-NHL-008-NA-NA-Lenalidomide 2.5mg-Fisher Reinfelden - Germany-FCSRH,Fisher Reinfelden - Germany,1970-01-01T00:00:00.000Z,2019-11-30T00:00:00.000Z,18F0055,,FG-50916,Fisher Germany (Reinfelden),0,IRT,0,0,0,0,0,,AL-30407,0,0,0,33,0,0,
6512e00dbcff54a38081301b,1970-01-01T00:00:00.000Z,United Kingdom,1970-01-01T00:00:00.000Z,endpoint,FCSG,Distribution Depot,Oral Azacitidine 200mg Active 7 Day Card,FG-51270-17R0745-CC-486-AML-001-NA-NA-Oral Azacitidine 200mg Active 7 Day Card-FCS Horsham - United Kingdom-FCSG,FCS Horsham - United Kingdom,1970-01-01T00:00:00.000Z,2019-04-30T00:00:00.000Z,17R0745,,FG-51270,Fisher UK (Horsham),0,IRT,0,0,0,0,0,,AL-30225,0,0,0,944,0,0,
6512e00dbcff54a38081301c,1970-01-01T00:00:00.000Z,Germany,1970-01-01T00:00:00.000Z,endpoint,FCSDE,Distribution Depot,Ixazomib 4mg,FG-51827-18F0453-BB2121-MM-003-NA-NA-Ixazomib 4mg-Fisher Germany - Germany-FCSDE,Fisher Germany - Germany,1970-01-01T00:00:00.000Z,2020-03-31T00:00:00.000Z,18F0453,,FG-51827,Fisher Germany (Weil am Rhein),0,IRT,0,0,0,0,0,,AL-30080,0,0,0,88,0,0,
6512e00dbcff54a38081301d,1970-01-01T00:00:00.000Z,Australia,1970-01-01T00:00:00.000Z,endpoint,ACSAU,Distribution Depot,RPC01-3201 Ozanimod Placebo 35 ct,FG-50115-21R0387-RPC01-3201-NA-NA-RPC01-3201 Ozanimod Placebo 35 ct-Zuellig Pharma SSG Australia Pty Ltd - Australia-ACSAU,Zuellig Pharma SSG Australia Pty Ltd - Australia,1970-01-01T00:00:00.000Z,2023-08-31T00:00:00.000Z,21R0387,,FG-50115,Almac Australia (Zuellig),0,IRT,0,0,0,0,41,,AL-30019,41,0,0,0,0,0,
6512e00dbcff54a38081301e,1970-01-01T00:00:00.000Z,Belgium,2020-06-24T00:00:00.000Z,yprime,DD-9003,Distribution Depot,Cisplatin 100mg,FG-50192-19D16KA.9B-CA209-73L-0002-20220430  -Cisplatin 100mg-8510-8510,,2019-10-23T00:00:00.000Z,2022-04-30T00:00:00.000Z,19D16KA.9B,CISPLATIN SINJ100MG(1VLX100ML)CA209OLMUL,FG-50192,EUMEDICA,0,IRT,0,0,0,0,432,2,AL-30008,0,0,0,94,0,0,ST
6512e00dbcff54a38081301f,1970-01-01T00:00:00.000Z,United States,1970-01-01T00:00:00.000Z,endpoint,FCSUS,Distribution Depot,Pembrolizumab 4 x 50mg vial kit,FG-51236-15F1788-CC-486-NSCL-001-NA-NA-Pembrolizumab 4 x 50mg vial kit-Fisher Clinical Services - United States-FCSUS,Fisher Clinical Services - United States,1970-01-01T00:00:00.000Z,2017-12-31T00:00:00.000Z,15F1788,,FG-51236,Fisher US (Allentown),0,IRT,0,0,0,0,0,,AL-30228,0,0,0,592,0,0,
6512e00dbcff54a380813020,1970-01-01T00:00:00.000Z,Australia,1970-01-01T00:00:00.000Z,endpoint,ACSAU,Distribution Depot,AG-120 250mg QD 30ct Bottle,FG-50857-21F0046-AG-221-AML-005-NA-NA-AG-120 250mg QD 30ct Bottle-Flinders Clinical Trial Services - Australia-ACSAU,Flinders Clinical Trial Services - Australia,1970-01-01T00:00:00.000Z,2024-09-30T00:00:00.000Z,21F0046,,FG-50857,Almac Australia (Zuellig),0,IRT,0,0,0,0,0,,AL-30468,0,0,0,0,0,1,
6512e00dbcff54a380813021,1970-01-01T00:00:00.000Z,Germany,1970-01-01T00:00:00.000Z,endpoint,FCSRH,Distribution Depot,Oral Azacitidine 200mg Placebo 7 Day Card,FG-51829-12R0064-CC-486-AML-001-NA-NA-Oral Azacitidine 200mg Placebo 7 Day Card-Fisher Rheinfeldend - Germany-FCSRH,Fisher Rheinfeldend - Germany,1970-01-01T00:00:00.000Z,2014-06-30T00:00:00.000Z,12R0064,,FG-51829,Fisher Germany (Reinfelden),0,IRT,0,0,0,0,0,,AL-30225,0,0,0,90,0,0,
6512e00dbcff54a380813022,1970-01-01T00:00:00.000Z,Ukraine,1970-01-01T00:00:00.000Z,endpoint,IMPUA,Distribution Depot,"Eprex - 20,000 IU","FG-50403-20F0266-ACE-536-MDS-002-NA-NA-Eprex - 20,000 IU-Imp Logistics - Ukraine-IMPUA",Imp Logistics - Ukraine,1970-01-01T00:00:00.000Z,2021-01-31T00:00:00.000Z,20F0266,,FG-50403,IMP Logistics - Ukraine,0,IRT,0,0,0,0,0,,AL-30026,0,0,0,51,0,2,
6512e00dbcff54a380813023,1970-01-01T00:00:00.000Z,Germany,1970-01-01T00:00:00.000Z,endpoint,FCSDE,Distribution Depot,Ixazomib 4mg,FG-51827-22F0015-BB2121-MM-003-NA-NA-Ixazomib 4mg-Fisher Germany - Germany-FCSDE,Fisher Germany - Germany,1970-01-01T00:00:00.000Z,2023-02-28T00:00:00.000Z,22F0015,,FG-51827,Fisher Germany (Weil am Rhein),0,IRT,0,0,0,0,0,,AL-30080,0,0,0,0,0,0,
6512e00dbcff54a380813024,1970-01-01T00:00:00.000Z,United Kingdom,1970-01-01T00:00:00.000Z,endpoint,FCSG,Distribution Depot,"RV-MM-ECOG-0165, Lenalidomide 5mg Capsules in 21ct Labeled Bottles","FG-51767-15F1090-RV-MM-ECOG-0165-NA-NA-RV-MM-ECOG-0165, Lenalidomide 5mg Capsules in 21ct Labeled Bottles-Fisher UK - United Kingdom-FCSG",Fisher UK - United Kingdom,1970-01-01T00:00:00.000Z,2016-04-30T00:00:00.000Z,15F1090,,FG-51767,Fisher UK (Horsham),0,IRT,0,0,0,0,0,,AL-30436,0,0,0,5,0,0,
6512e00dbcff54a380813025,1970-01-01T00:00:00.000Z,Germany,1970-01-01T00:00:00.000Z,endpoint,FCSDE,Distribution Depot,"Eprex - 2,000 IU","FG-50434-21F0315-ACE-536-MDS-002-NA-NA-Eprex - 2,000 IU-FCS Weil - Germany-FCSDE",FCS Weil - Germany,1970-01-01T00:00:00.000Z,2022-08-31T00:00:00.000Z,21F0315,,FG-50434,Fisher Germany (Weil am Rhein),0,IRT,0,0,0,0,0,,AL-30026,0,30,0,268,0,8,
6512e00dbcff54a380813026,1970-01-01T00:00:00.000Z,United Kingdom,1970-01-01T00:00:00.000Z,endpoint,FCSG,Distribution Depot,Daratumumab 400mg Vial,FG-50467 Vial-21F0123-CC-220-MM-001-NA-NA-Daratumumab 400mg Vial-Fisher Clinical Services - United Kingdom-FCSG,Fisher Clinical Services - United Kingdom,1970-01-01T00:00:00.000Z,2022-07-31T00:00:00.000Z,21F0123,,FG-50549,Fisher UK (Horsham),0,IRT,0,0,0,0,0,,AL-30049,0,0,0,292,0,0,
6512e00dbcff54a380813027,1970-01-01T00:00:00.000Z,United Kingdom,1970-01-01T00:00:00.000Z,endpoint,FCSG,Distribution Depot,CC-223 15mg 28 ct,FG-51220-15F1456-CC-122-DLBCL-001-NA-NA-CC-223 15mg 28 ct-Fisher Clinical Services - United Kingdom-FCSG,Fisher Clinical Services - United Kingdom,1970-01-01T00:00:00.000Z,2017-01-31T00:00:00.000Z,15F1456,,FG-51220,Fisher UK (Horsham),0,IRT,0,0,0,0,0,,AL-30219,0,0,0,20,0,0,
6512e00dbcff54a380813028,1970-01-01T00:00:00.000Z,Japan,1970-01-01T00:00:00.000Z,endpoint,DD-9005,Distribution Depot,ALPS-986445 50mg,FG-50479-ACD6756-CA116-001-NA-NA-ALPS-986445 50mg-ALPS Japan - Japan-8515,ALPS Japan - Japan,1970-01-01T00:00:00.000Z,2024-04-30T00:00:00.000Z,ACD6756,ALPS986445 LINJ 50MG(4VL) CA116 OLMUL,FG-50479,ALPS Japan,0,IRT,0,0,0,0,104,,AL-30038,104,0,0,0,0,0,ST
6512e00dbcff54a380813029,1970-01-01T00:00:00.000Z,Mexico,2019-05-27T00:00:00.000Z,icon,DD-9012,Distribution Depot,Carboplatin sinj 450mg (1vlx45ml),FG-50150-8B05336.8A-CA209-651-0002-20190630  -Carboplatin sinj 450mg (1vlx45ml)-8535-8535,,2018-10-25T00:00:00.000Z,2019-06-30T00:00:00.000Z,8B05336.8A,CARBOPLATINSINJ450MG(1VLX45ML)CA209OLMUL,FG-50150,DHL Metropolitan Logistics,0,IRT,0,0,0,0,0,2,AL-30171,0,0,0,20,0,0,ST
