_id,address,alps_contact,alps_email,city,commercial_csl,commercial_distribution,country,depot_id,depot_name,depot_type,dormant,email,labelling_approved,latitude,longitude,phone_number,receives_returns,region,returns_destruction,ship_to_countries,storage_15_25,storage_2_8,storage_minus20,updatedOn
650bef2029508d7cdb6735c0,"Moreton, Wirral, CH46 1QW, England",steven thomas,steven.thomas@alps.com,England,No,No,United Kingdom,PD-7001,ALPS UK (Moreton),Packaging,FALSE,,No,53.4,-3.0974,,No,Western Europe,No,,Yes,Yes,Yes,1970-01-01T00:00:00.000Z
650bef2029508d7cdb6735c2,"1 Squibb Dr, New Brunswick, Nj 08901",,,,No,No,United States,PD-7002,ALPS US (New Brunswick),Packaging,FALSE,,Yes,37.9455958,-87.8493353,,No,North America,No,,Yes,Yes,Yes,1970-01-01T00:00:00.000Z
650bef2029508d7cdb6735c4,"Chemin de Nauwelette 1, Manage,7170, Belgium,",Sandy Ainon,sandy.ainon@alps.com,,No,No,Belgium,DD-9003,ALPS EU-Medica Regional Depot,Distribution,FALSE,,Yes,50.5009542,4.2597572,,No,Western Europe,No,,Yes,Yes,Yes,1970-01-01T00:00:00.000Z
650bef2029508d7cdb6735c6,"Aomi Logistics Center, 4-4-14 Aomi Koto-ku, Tokyo, 135-0064, Japan",Kumiko Kojima,kumiko.kojima@alps.com,,No,No,Japan,DD-9005,ALPS Japan,Distribution,FALSE,,No,35.3167726,139.7810054,,No,Other(including Japan),No,,Yes,Yes,Yes,1970-01-01T00:00:00.000Z
650bef2029508d7cdb6735c7,"Rodovia Anhanguera, KM 15, s/n, Box 40,, Vila Jaguara, Sao Paulo, SP 05113-000, Brazil",Sonia Rosa,,,No,No,Brazil,DD-9006,ALPS Brazil,Distribution,FALSE,sonia.rosa@alps.com,No,-26.5101067,-46.1643978,,No,Latin America/Mexico,No,,Yes,Yes,Yes,1970-01-01T00:00:00.000Z
650bef2029508d7cdb6735c8,"Avenida Boulevard Poniente NÃ‚Â° 1313, Modulo 1, Nave Parque 14 ENEA Poniente, Pudahuel , Santiago, 9020000, Chile",Carolina Contreras Aparicio,,,No,No,Chile,DD-9007,ALPS Chile (Kuehne+Nagel Ltda),Distribution,FALSE,carolina.contreras@alps.com,No,-33.4277922,-70.7679537,,No,Latin America/Mexico,No,,Yes,Yes,Yes,1970-01-01T00:00:00.000Z
650bef2029508d7cdb6735ca,"S.A/Open Market DC, Carrera 69B No. 20-06 Bodega 14, Zona Industrial Montevideo, Bogota, Colombia",Cecilia Dantuon,,,No,No,Colombia,DD-9009,ALPS Colombia,Distribution,FALSE,cecilia.dantuon@alps.com,No,4.3806658,-72.450785,,No,Latin America/Mexico,No,,Yes,Yes,No,1970-01-01T00:00:00.000Z
650bef2029508d7cdb6735cb,"55 Hamaayan St, Industrial Zone, Modiin, 7171329, Israel,",Hilla Yaish,,,No,No,Israel,DD-9010,ALPS Israel (Trialog),Distribution,FALSE,hilla.yaish@alps.com,No,31.2220348,34.9635892,,No,Other(including Japan),No,,Yes,Yes,Yes,1970-01-01T00:00:00.000Z
650bef2029508d7cdb6735ce,"Pvt. Ltd, PHARMEZ SEZ, Plot No 22, Matoda, National Highway 8A , Ahmedabad, Gujarat, 382213, India",Shilpi Sinha,,,No,No,India,8536,Fisher India (BioPharma Services),Distribution,FALSE,shilpi.sinha@alps.com,Yes,22.8921429,72.3955014,,No,Other(including Japan),No,,Yes,Yes,Yes,1970-01-01T00:00:00.000Z
650bef2029508d7cdb6735cf,"Calle Santa Bernardita 080, Urbanizacion Pando - Cercado de Lima, Lima 1, Peru",Rosario Alva,,,No,No,Peru,DD-9013,ALPS Peru,Distribution,FALSE,ralva@aduandina.com.pe,No,-12.0603654,-77.0758058,,No,Latin America/Mexico,No,,Yes,Yes,No,1970-01-01T00:00:00.000Z
650bef2029508d7cdb6735d0,KM 14 West Service Road,,,"Sun Valley, Paranaque Cit",No,No,Philippines,8541,ALPS Philippines (Zuellig),Distribution,FALSE,,Yes,14.599512,120.984222,,Yes,Asia Pacific(excluding Japan),Yes,PH,Yes,Yes,Yes,1970-01-01T00:00:00.000Z
650bef2029508d7cdb6735d2,"No. 629, Sec. 2, Meshi Road , Ruiping Village, Yangmei Township, Taoyuan County , 326, Taiwan",Allen Hsiao,,,No,No,Taiwan,DD-9016,ALPS Taiwan,Distribution,FALSE,Allen.Hsiao@alps.com,No,24.8986385,121.1769125,,No,,No,,Yes,Yes,Yes,1970-01-01T00:00:00.000Z
650bef2029508d7cdb6735d3,"I.A.O.S.B 10053 Sokak No: 7/1, Cigli, IZMIR, 35620, Turkey,",Oya Bilgin,,,No,No,Turkey,DD-9017,ALPS Turkey (SMO),Distribution,FALSE,Oya.Bilgin@alps.com,No,38.4787095,27.0299005,,No,Other(including Japan),No,,Yes,Yes,No,1970-01-01T00:00:00.000Z
650bef2029508d7cdb6735d4,"Building B C, Qiming Road No.1, Suzhou industry zone, Suzhou, Jiang Su Province, 215126, China,",Ziang Xu,,,No,No,China,DD-9018,Fisher China (Suzhou),Distribution,FALSE,ziang.xu@alps.com,No,31.3229242,119.4613415,,No,Asia Pacific(excluding Japan),No,,Yes,Yes,Yes,1970-01-01T00:00:00.000Z
650bef2029508d7cdb6735d5,"(Previously Flinders Clinical Trial Services) Zuellig Pharma SSG Australia Pty Ltd 15 Lum Street Export Park, Adelaide Airport South Australia 5950",,ClinicalTrials.ZPAU@zuelligpharma.,,No,No,Australia,ACSAU,Almac Australia (Zuellig),Distribution,FALSE,,No,-34.935395,138.5404274,,No,,No,AU,Yes,Yes,No,1970-01-01T00:00:00.000Z
650bef2029508d7cdb6735d6,"Finnabair Industrial Estate,Dundalk,Country LouthA91P9KD",,,,,,Ireland,ACSIE,Almac Ireland (Dundalk),Distribution,FALSE,,,53.7798,7.3055,,,,,,,,,1970-01-01T00:00:00.000Z
650bef2029508d7cdb6735d7,"Mitsubishi Logistics CorporationKobe BranchShinko No.2 Warehouse6-2, Shinko-choChuo-ku, Kobe650-0041Japan",,,,,,Japan,ACSJP,Almac Japan (Mitsubishi),Distribution,FALSE,,,33.6168386,139.7835038,,,,,,,,,1970-01-01T00:00:00.000Z
650bef2029508d7cdb6735d8,Almac Pharmaceutical Services Pte. Ltd.9 Changi South Street 3Unit 01-01 Singapore 486361,,,,,,Singapore,ACSSG,Almac Singapore,Distribution,FALSE,,,1.3521,103.8198,,,,,,,,,1970-01-01T00:00:00.000Z
650bef2029508d7cdb6735d9,Kuantum CRO LtdI.A.O.S.B. 10041 Sok. No:935620 Cigli Izmir â€“ Turkey,,,,,,Turkey,ACSTR,Almac Turkey (Kuantum),Distribution,FALSE,,,39.91987,32.85427,,,,,,,,,1970-01-01T00:00:00.000Z
