_id,compound_status,cspl,drug_code,enabled,name,p_and_l,pharmacy_services
ALPS-100184,Active,"Potter, Tracie",CA065,TRUE,ALPS-100184,"Conway, Meghan","Ferkle, Fayna"
ALPS-100187,,,,TRUE,ALPS-100187,,
ALPS-100229,,,,TRUE,ALPS-100229,,
ALPS-100048,,,,TRUE,ALPS-100048,,
ALPS-100095,,,,TRUE,ALPS-100095,,
ALPS-100097,,,,TRUE,ALPS-100097,,
ALPS-100070,,,,TRUE,ALPS-100070,,
ALPS-100189,Active,"Smith, Marianne",CA069,TRUE,ALPS-100189,"Lokken, Robert",
ALPS-100117,,,,TRUE,ALPS-100117,,
ALPS-100039,,,,TRUE,ALPS-100039,,
ALPS-100247,,,,TRUE,ALPS-100247,,
ALPS-100029,,,,TRUE,ALPS-100029,,
ALPS-100009,Active,"Patel-Parker, Yogini",CA209,TRUE,ALPS-100009,"Cucinotta Jr, Steven",
ALPS-100036,,,,TRUE,ALPS-100036,,
ALPS-100153,,,,TRUE,ALPS-100153,,
ALPS-100131,Active,"Burd, MaryKate",IM038,TRUE,ALPS-100131,"McLoughlin, Ann","Thompson, Christiana"
ALPS-100092,,,,TRUE,ALPS-100092,,
ALPS-100185,,,,TRUE,ALPS-100185,,
ALPS-100230,,,,TRUE,ALPS-100230,,
