_class,_id,active_subjects,actual_sites,amendment,blind_type,com_order_generation,com_proforma_gen_nb_only,compound.compound_id,compound_id,countries,ct_actual_approval,ct_planned_approval,enabled,eudract_no,fg_count,fpfv_actual_date,fpfv_planned_date,ipc,irt,irt_manager,lpfv_actual_date,lpfv_planned_date,lplv_actual_date,lplv_planned_date,name,operating_model,order_type,phase,planned_sites,screened_patient_status,sec,study_actual_total_enrolled_subjects,study_manager,study_planned_total_enrolled_subjects,study_state,study_type,total_current_treatment,total_enrolled,total_planned,total_randomized_discontinued,tsm
com.rigel.mongoapis.model.Study,AL-30001,230,126,5,none_open_label__c,"Walcott, David","Walcott, David",ALPS-100010,ALPS-100010,21,1970-01-01T00:00:00.000Z,1970-01-01T00:00:00.000Z,TRUE,,2,2019-08-12T00:00:00.000Z,2019-07-13T00:00:00.000Z,"Williams, Adam",Endpoint,"Arnold, Farrow",1970-01-01T00:00:00.000Z,2024-03-11T00:00:00.000Z,1970-01-01T00:00:00.000Z,2030-03-25T00:00:00.000Z,AL-30001,CMO Distribution,Non-Standard Shipments,Phase IIIB,127,0,0,482,"Alvin, Marsh",444,active_state__v,R&D,0,51,0,51,"Shah, Neeraj"
,AL-30026,113,226,4,none_open_label__c,"Walcott, David","Walcott, David",,ALPS-100010,26,1970-01-01T00:00:00.000Z,1970-01-01T00:00:00.000Z,TRUE,,8,2019-01-02T00:00:00.000Z,2019-02-04T00:00:00.000Z,"Williams, Adam",Endpoint,"Norma, Kelly",2023-03-24T00:00:00.000Z,2022-08-31T00:00:00.000Z,1970-01-01T00:00:00.000Z,2027-09-28T00:00:00.000Z,AL-30026,CMO Distribution,Non-Standard Shipments,Phase III,226,0,0,365,"Alvin, Marsh",350,active_not_recruiting_state__c,R&D,0,363,0,363,Robert Talisman
com.rigel.mongoapis.model.Study,AL-30002,91,153,1,double_blind_placebo_control__c,"Walcott, David","Walcott, David",ALPS-100010,ALPS-100010,28,1970-01-01T00:00:00.000Z,1970-01-01T00:00:00.000Z,TRUE,,3,2021-02-25T00:00:00.000Z,2021-02-25T00:00:00.000Z,"Williams, Adam",Endpoint,"Jeffrey, Griffin",1970-01-01T00:00:00.000Z,2024-05-23T00:00:00.000Z,1970-01-01T00:00:00.000Z,2025-08-24T00:00:00.000Z,AL-30002,CMO Distribution,Non-Standard Shipments,Phase III,163,6,0,182,"Alvin, Marsh",309,active_state__v,R&D,0,173,0,167,"Shamsheer, Rehana"
,AL-30076,0,19,,double_blind_placebo_control__c,"Walcott, David","Walcott, David",,ALPS-100204,5,1970-01-01T00:00:00.000Z,1970-01-01T00:00:00.000Z,TRUE,,7,2014-03-01T00:00:00.000Z,2014-03-01T00:00:00.000Z,"Williams, Adam",Endpoint,"Jeffrey, Griffin",2015-12-02T00:00:00.000Z,2015-12-02T00:00:00.000Z,1970-01-01T00:00:00.000Z,2024-06-30T00:00:00.000Z,AL-30076,CMO Distribution,Manual Orders,Phase I/II,19,0,0,103,"Alvin, Marsh",103,active_not_recruiting_state__c,R&D,0,0,0,0,"goodwill, sally"
,AL-30077,0,17,,none_open_label__c,"Walcott, David","Walcott, David",,ALPS-100203,7,1970-01-01T00:00:00.000Z,1970-01-01T00:00:00.000Z,TRUE,,18,2015-05-07T00:00:00.000Z,2015-05-07T00:00:00.000Z,"Williams, Adam",Endpoint,"Jeffrey, Griffin",2017-02-21T00:00:00.000Z,2017-02-21T00:00:00.000Z,1970-01-01T00:00:00.000Z,2023-07-02T00:00:00.000Z,AL-30077,CMO Distribution,Manual Orders,Phase I,23,0,0,85,"Alvin, Marsh",85,active_not_recruiting_state__c,R&D,0,0,0,0,"goodwill, sally"
,AL-30078,0,1,,double_blind_placebo_control__c,"Walcott, David","Walcott, David",,ALPS-100037,1,1970-01-01T00:00:00.000Z,1970-01-01T00:00:00.000Z,TRUE,,0,2022-05-13T00:00:00.000Z,2022-05-28T00:00:00.000Z,"Williams, Adam",,"Jeffrey, Griffin",1970-01-01T00:00:00.000Z,2022-06-14T00:00:00.000Z,2022-07-26T00:00:00.000Z,2022-07-02T00:00:00.000Z,AL-30078,Standard Distribution model,Manual Orders,Phase I,1,0,0,0,"Alvin, Marsh",39,active_not_recruiting_state__c,R&D,0,0,0,0,"Burd, MaryKate"
,AL-30079,2,196,6,none_open_label__c,,TBD,,ALPS-100022,37,1970-01-01T00:00:00.000Z,1970-01-01T00:00:00.000Z,TRUE,,4,2013-04-26T00:00:00.000Z,2012-12-31T00:00:00.000Z,"Williams, Adam",Endpoint,Racquel Tung,2018-01-30T00:00:00.000Z,2020-07-15T00:00:00.000Z,1970-01-01T00:00:00.000Z,2023-12-31T00:00:00.000Z,AL-30079,Outsourced,n/a (Fully Outsourced),Phase III,196,0,0,216,"Alvin, Marsh",216,active_not_recruiting_state__c,R&D,0,208,0,208,Sarah Burchell
,AL-30080,12,60,4,none_open_label__c,,TBD,,ALPS-100007,14,1970-01-01T00:00:00.000Z,1970-01-01T00:00:00.000Z,TRUE,,22,2019-09-04T00:00:00.000Z,2019-02-07T00:00:00.000Z,"Williams, Adam",Endpoint,"Jeffrey, Griffin",2023-04-14T00:00:00.000Z,2022-03-01T00:00:00.000Z,1970-01-01T00:00:00.000Z,2027-04-08T00:00:00.000Z,AL-30080,Outsourced,n/a (Fully Outsourced),Phase III,60,0,0,386,"Alvin, Marsh",381,active_not_recruiting_state__c,R&D,0,173,0,173,Laura Crawford
,AL-30081,0,4,1,none_open_label__c,"Caine, Janet","Caine, Janet",,ALPS-100097,8,1970-01-01T00:00:00.000Z,1970-01-01T00:00:00.000Z,TRUE,2016-001692-67,0,2016-11-28T00:00:00.000Z,2016-11-28T00:00:00.000Z,"Williams, Adam",,Lynne Kapolka,2017-05-31T00:00:00.000Z,2017-05-31T00:00:00.000Z,1970-01-01T00:00:00.000Z,2023-12-29T00:00:00.000Z,AL-30081,Standard Distribution model,IRT Connect,Phase I/II,15,0,0,14,"Alvin, Marsh",120,active_not_recruiting_state__c,R&D,0,0,0,0,"Lai-alavi, Lisa"
,AL-30082,41,37,3,none_open_label__c,"Caine, Janet","Caine, Janet",,ALPS-100097,13,1970-01-01T00:00:00.000Z,1970-01-01T00:00:00.000Z,TRUE,,9,2021-03-17T00:00:00.000Z,2021-03-17T00:00:00.000Z,"Williams, Adam",Yprime,Lynne Kapolka,1970-01-01T00:00:00.000Z,2023-03-03T00:00:00.000Z,1970-01-01T00:00:00.000Z,2025-03-17T00:00:00.000Z,AL-30082,Standard Distribution model,IRT Connect,Phase II,40,0,0,132,"Camilla, Dimbleby",120,active_state__v,R&D,0,91,0,91,"Lai-Alavi, Lisa"
,AL-30083,0,2,,none_open_label__c,"Collins, Emily","Collins, Emily",,ALPS-100117,2,1970-01-01T00:00:00.000Z,1970-01-01T00:00:00.000Z,TRUE,,0,2017-12-11T00:00:00.000Z,2017-12-11T00:00:00.000Z,"Williams, Adam",,"Aaron, Porter",2018-10-25T00:00:00.000Z,2022-07-29T00:00:00.000Z,1970-01-01T00:00:00.000Z,2023-12-29T00:00:00.000Z,AL-30083,Standard Distribution model,Manual Orders,Phase N/A,1,0,0,2,"Christine, Hackshaw",1,active_not_recruiting_state__c,ISR,0,0,0,0,Tasha Alex
,AL-30084,0,20,,none_open_label__c,"Collins, Emily","Collins, Emily",,ALPS-100118,8,1970-01-01T00:00:00.000Z,1970-01-01T00:00:00.000Z,TRUE,,0,2018-04-18T00:00:00.000Z,2018-04-18T00:00:00.000Z,"Williams, Adam",,"Aaron, Porter",1970-01-01T00:00:00.000Z,2019-12-30T00:00:00.000Z,1970-01-01T00:00:00.000Z,2020-01-14T00:00:00.000Z,AL-30084,Standard Distribution model,Manual Orders,Phase N/A,10,0,0,10,"Joe, Quant",6,active_not_recruiting_state__c,ISR,0,0,0,0,"Kidd, Viranne"
,AL-30085,0,8,,none_open_label__c,"Collins, Emily","Collins, Emily",,ALPS-100118,4,1970-01-01T00:00:00.000Z,1970-01-01T00:00:00.000Z,TRUE,,2,2019-09-30T00:00:00.000Z,2019-09-30T00:00:00.000Z,"Williams, Adam",Endpoint,"Aaron, Porter",1970-01-01T00:00:00.000Z,2024-06-30T00:00:00.000Z,1970-01-01T00:00:00.000Z,2024-09-30T00:00:00.000Z,AL-30085,ISR,Manual Orders,Phase I,8,0,0,37,"Ronald, Foley",0,active_recruiting_state__c,ISR,0,0,0,0,"Kidd, Viranne"
,AL-30086,0,32,3,double_blind_placebo_control__c,"Collins, Emily","Collins, Emily",,ALPS-100118,20,1970-01-01T00:00:00.000Z,1970-01-01T00:00:00.000Z,TRUE,2.02E+11,12,2021-03-23T00:00:00.000Z,2021-03-23T00:00:00.000Z,"Williams, Adam",Yprime,"Aaron, Porter",1970-01-01T00:00:00.000Z,2024-05-27T00:00:00.000Z,1970-01-01T00:00:00.000Z,2027-07-28T00:00:00.000Z,AL-30086,Standard Distribution model,IRT Connect,Phase I,60,0,0,52,"Camilla, Dimbleby",107,active_state__v,R&D,0,0,0,0,"Velez, Caroline"
,AL-30027,547,171,4,double_blind_placebo_control__c,"Oswald, Kenneth","Walcott, David",,ALPS-100027,29,1970-01-01T00:00:00.000Z,1970-01-01T00:00:00.000Z,TRUE,2017-004692-31,25,2018-11-06T00:00:00.000Z,2018-11-06T00:00:00.000Z,"Williams, Adam",Signant,"Aaron, Porter",1970-01-01T00:00:00.000Z,2022-12-02T00:00:00.000Z,1970-01-01T00:00:00.000Z,2027-11-16T00:00:00.000Z,AL-30027,ALPS/ONO,IRT Connect,Phase III,250,0,0,864,Biser Yotov,838,active_not_recruiting_state__c,R&D,0,320,0,320,"Fleming, Ryan"
,AL-30087,0,0,,double_blind_placebo_control__c,"Oswald, Kenneth","Walcott, David",,ALPS-100027,0,1970-01-01T00:00:00.000Z,1970-01-01T00:00:00.000Z,TRUE,,0,1970-01-01T00:00:00.000Z,2022-04-10T00:00:00.000Z,"Williams, Adam",,"Aaron, Porter",1970-01-01T00:00:00.000Z,2022-05-04T00:00:00.000Z,1970-01-01T00:00:00.000Z,2022-07-09T00:00:00.000Z,AL-30087,Outsourced,TBD,Phase I,1,0,0,0,"Camilla, Dimbleby",14,planning_state__v,R&D,0,0,0,0,"Fleming, Ryan"
,AL-30088,0,0,,double_blind_placebo_control__c,"Oswald, Kenneth","Walcott, David",,ALPS-100027,0,1970-01-01T00:00:00.000Z,1970-01-01T00:00:00.000Z,TRUE,,0,1970-01-01T00:00:00.000Z,2022-04-18T00:00:00.000Z,"Williams, Adam",,"Aaron, Porter",1970-01-01T00:00:00.000Z,2022-05-09T00:00:00.000Z,1970-01-01T00:00:00.000Z,2022-08-16T00:00:00.000Z,AL-30088,Outsourced,TBD,Phase I,2,0,0,0,"Camilla, Dimbleby",28,planning_state__v,R&D,0,0,0,0,"Fleming, Ryan"
,AL-30089,0,34,6,none_open_label__c,,"Caine, Janet",,ALPS-100136,19,1970-01-01T00:00:00.000Z,1970-01-01T00:00:00.000Z,TRUE,2016-002807-24,0,2016-11-29T00:00:00.000Z,2016-11-29T00:00:00.000Z,"Williams, Adam",,"Aaron, Porter",2021-04-06T00:00:00.000Z,2021-04-06T00:00:00.000Z,2022-05-06T00:00:00.000Z,2023-05-21T00:00:00.000Z,AL-30089,Standard Distribution model,IRT Connect,Phase IIA,40,0,0,190,"Camilla, Dimbleby",520,active_not_recruiting_state__c,R&D,0,0,0,0,"Burd, MaryKate"
com.rigel.mongoapis.model.Study,AL-30090,0,32,3,none_open_label__c,,"Caine, Janet",ALPS-100136,ALPS-100136,13,1970-01-01T00:00:00.000Z,1970-01-01T00:00:00.000Z,TRUE,2016-003082-26,0,2017-02-02T00:00:00.000Z,2017-02-02T00:00:00.000Z,"Williams, Adam",,"Oliver, Dixon",2022-02-08T00:00:00.000Z,2021-09-21T00:00:00.000Z,2021-11-23T00:00:00.000Z,2021-11-23T00:00:00.000Z,AL-30090,Standard Distribution model,IRT Connect,Phase IIA,60,0,0,155,"Camilla, Dimbleby",200,active_not_recruiting_state__c,R&D,0,0,0,0,"Shah, Neeraj"
